book	chapter	verse	line_idx	hebrew_line	kjv_line	severity	suppressors_trace	head1_lemma	head1_aspect	head2_lemma	head2_aspect
01-genesis	1	9	1	יִקָּו֨וּ הַמַּ֜יִם מִתַּ֤חַת הַשָּׁמַ֙יִם֙ אֶל־מָק֣וֹם אֶחָ֔ד וְתֵרָאֶ֖ה הַיַּבָּשָׁ֑ה	Let the waters under the heaven be gathered together unto one place, and let the dry land appear: and it was so.	REVIEW-REQUIRED	mechanical-clean	קָוָה	J	רָאָה	I
01-genesis	2	19	1	וַיָּבֵא֙ אֶל־הָ֣אָדָ֔ם לִרְא֖וֹת מַה־יִּקְרָא־ל֑וֹ	and brought them unto Adam to see what he would call them:	REVIEW-REQUIRED	macula-undercount-fv-fallback	בּוֹא	W	קָרָא	I
01-genesis	3	3	2	לֹ֤א תֹֽאכְלוּ֙ מִמֶּ֔נּוּ וְלֹ֥א תִגְּע֖וּ בּ֑וֹ פֶּן־תְּמֻתֽוּן׃	Ye shall not eat of it, neither shall ye touch it, lest ye die.	STRONG-SPLIT-CANDIDATE	T2-N3-plus-verb-chain	אָכַל	I	נָגַע	I
01-genesis	4	12	0	כִּ֤י תַֽעֲבֹד֙ אֶת־הָ֣אֲדָמָ֔ה לֹֽא־תֹסֵ֥ף תֵּת־כֹּחָ֖הּ לָ֑ךְ	When thou tillest the ground, it shall not henceforth yield unto thee her strength;	REVIEW-REQUIRED	macula-undercount-fv-fallback	עָבַד	I	יָסַף	J
01-genesis	9	7	0	וְאַתֶּ֖ם פְּר֣וּ וּרְב֑וּ	And you, be ye fruitful, and multiply;	REVIEW-REQUIRED	mechanical-clean	פָּרָה	V	רָבָה	V
01-genesis	9	7	1	שִׁרְצ֥וּ בָאָ֖רֶץ וּרְבוּ־בָֽהּ׃	bring forth abundantly in the earth, and multiply therein.	REVIEW-REQUIRED	mechanical-clean	שָׁרַץ	V	רָבָה	V
01-genesis	11	6	3	וְעַתָּה֙ לֹֽא־יִבָּצֵ֣ר מֵהֶ֔ם כֹּ֛ל אֲשֶׁ֥ר יָזְמ֖וּ	and now nothing will be restrained from them, which they have imagined	REVIEW-REQUIRED	macula-undercount-fv-fallback	בָּצַר	I	זָמַם	I
01-genesis	12	2	2	וַאֲגַדְּלָ֖ה שְׁמֶ֑ךָ וֶהְיֵ֖ה בְּרָכָֽה׃	and make thy name great; and thou shalt be a blessing:	REVIEW-REQUIRED	mechanical-clean	גָּדַל	I	הָיָה	V
01-genesis	12	14	0	וַיְהִ֕י כְּב֥וֹא אַבְרָ֖ם מִצְרָ֑יְמָה וַיִּרְא֤וּ הַמִּצְרִים֙ אֶת־הָ֣אִשָּׁ֔ה כִּֽי־יָפָ֥ה הִ֖וא מְאֹֽד׃	And it came to pass, that, when Abram was come into Egypt, the Egyptians beheld the woman that she was very fair.	REVIEW-REQUIRED	macula-undercount-fv-fallback	הָיָה	W	רָאָה	W
01-genesis	13	14	1	שָׂ֣א נָ֤א עֵינֶ֙יךָ֙ וּרְאֵ֔ה מִן־הַמָּק֖וֹם	Lift up now thine eyes, and look from the place	REVIEW-REQUIRED	mechanical-clean	נָשָׂא	V	רָאָה	V
01-genesis	14	21	1	תֶּן־לִ֣י הַנֶּ֔פֶשׁ וְהָרְכֻ֖שׁ קַֽח־לָֽךְ׃	Give me the persons, and take the goods to thyself.	REVIEW-REQUIRED	mechanical-clean	נָתַן	V	לָקַח	V
01-genesis	14	23	1	וְעַ֣ד שְׂרֽוֹךְ־נַ֔עַל וְאִם־אֶקַּ֖ח מִכָּל־אֲשֶׁר־לָ֑ךְ וְלֹ֣א תֹאמַ֔ר אֲנִ֖י	even to a shoelatchet, and that I will not take any thing that is thine, lest thou shouldest say,	REVIEW-REQUIRED	macula-undercount-fv-fallback	לָקַח	I	אָמַר	I
01-genesis	15	8	1	בַּמָּ֥ה אֵדַ֖ע כִּ֥י אִֽירָשֶֽׁנָּה׃	whereby shall I know that I shall inherit it?	REVIEW-REQUIRED	macula-undercount-fv-fallback	יָדַע	I	יָרַשׁ	I
01-genesis	15	13	1	יָדֹ֨עַ תֵּדַ֜ע כִּי־גֵ֣ר׀ יִהְיֶ֣ה זַרְעֲךָ֗ בְּאֶ֙רֶץ֙ לֹ֣א לָהֶ֔ם	Know of a surety that thy seed shall be a stranger in a land	REVIEW-REQUIRED	macula-undercount-fv-fallback	יָדַע	I	הָיָה	I
01-genesis	16	11	0	וַיֹּ֤אמֶר לָהּ֙ מַלְאַ֣ךְ יְהוָ֔ה הִנָּ֥ךְ הָרָ֖ה וְיֹלַ֣דְתְּ בֵּ֑ן	And the angel of the LORD said unto her, Behold, thou art with child, and shalt bear a son,	REVIEW-REQUIRED	macula-undercount-fv-fallback	אָמַר	W	יָלַד	R
01-genesis	17	1	3	הִתְהַלֵּ֥ךְ לְפָנַ֖י וֶהְיֵ֥ה תָמִֽים׃	walk before me, and be thou perfect.	REVIEW-REQUIRED	mechanical-clean	הָלַךְ	V	הָיָה	V
01-genesis	17	6	0	וְהִפְרֵתִ֤י אֹֽתְךָ֙ בִּמְאֹ֣ד מְאֹ֔ד וּנְתַתִּ֖יךָ לְגוֹיִ֑ם וּמְלָכִ֖ים	And I will make thee exceeding fruitful, and I will make nations of thee, and kings	REVIEW-REQUIRED	mechanical-clean	פָּרָה	Q	נָתַן	Q
01-genesis	17	16	1	וּבֵֽרַכְתִּ֙יהָ֙ וְהָֽיְתָ֣ה לְגוֹיִ֔ם מַלְכֵ֥י עַמִּ֖ים	yea, I will bless her, and she shall be a mother of nations; kings of people shall be of her.	REVIEW-REQUIRED	mechanical-clean	בָּרַךְ	Q	הָיָה	Q
01-genesis	17	20	1	הִנֵּ֣ה׀ בֵּרַ֣כְתִּי אֹת֗וֹ וְהִפְרֵיתִ֥י אֹת֛וֹ וְהִרְבֵּיתִ֥י אֹת֖וֹ	Behold, I have blessed him, and will make him fruitful, and will multiply him	REVIEW-REQUIRED	mechanical-clean	פָּרָה	Q	רָבָה	Q
01-genesis	18	2	2	נִצָּבִ֖ים עָלָ֑יו וַיַּ֗רְא וַיָּ֤רָץ לִקְרָאתָם֙ מִפֶּ֣תַח הָאֹ֔הֶל	stood by him: and when he saw them, he ran to meet them from the tent door,	REVIEW-REQUIRED	macula-undercount-fv-fallback	רָאָה	W	רוּץ	W
01-genesis	18	4	0	יֻקַּֽח־נָ֣א מְעַט־מַ֔יִם וְרַחֲצ֖וּ רַגְלֵיכֶ֑ם	Let a little water, I pray you, be fetched, and wash your feet,	REVIEW-REQUIRED	mechanical-clean	לָקַח	J	רָחַץ	V
01-genesis	18	5	1	וְסַעֲד֤וּ לִבְּכֶם֙ אַחַ֣ר תַּעֲבֹ֔רוּ	and comfort ye your hearts; after that ye shall pass on:	REVIEW-REQUIRED	mechanical-clean	סָעַד	V	עָבַר	I
01-genesis	18	21	0	אֵֽרֲדָה־נָּ֣א וְאֶרְאֶ֔ה	I will go down now, and see	REVIEW-REQUIRED	macula-undercount-fv-fallback	יָרַד	H	רָאָה	H
01-genesis	18	29	0	וַיֹּ֨סֶף ע֜וֹד לְדַבֵּ֤ר אֵלָיו֙ וַיֹּאמַ֔ר	And he spake unto him yet again, and said,	REVIEW-REQUIRED	macula-undercount-fv-fallback	יָסַף	W	אָמַר	W
01-genesis	18	32	1	אַל־נָ֞א יִ֤חַר לַֽאדֹנָי֙ וַאֲדַבְּרָ֣ה אַךְ־הַפַּ֔עַם	Oh let not the Lord be angry, and I will speak yet but this once:	REVIEW-REQUIRED	mechanical-clean	חָרָה	J	דָבַר	H
01-genesis	19	5	3	הוֹצִיאֵ֣ם אֵלֵ֔ינוּ וְנֵדְעָ֖ה אֹתָֽם׃	bring them out unto us, that we may know them.	REVIEW-REQUIRED	mechanical-clean	יָצָא	V	יָדַע	H
01-genesis	19	8	1	אוֹצִֽיאָה־נָּ֤א אֶתְהֶן֙ אֲלֵיכֶ֔ם וַעֲשׂ֣וּ לָהֶ֔ן כַּטּ֖וֹב בְּעֵינֵיכֶ֑ם	let me, I pray you, bring them out unto you, and do ye to them as is good in your eyes:	REVIEW-REQUIRED	mechanical-clean	יָצָא	H	עָשָׂה	V
01-genesis	19	17	2	וְאַֽל־תַּעֲמֹ֖ד בְּכָל־הַכִּכָּ֑ר הָהָ֥רָה הִמָּלֵ֖ט	neither stay thou in all the plain; escape to the mountain,	REVIEW-REQUIRED	mechanical-clean	עָמַד	J	מָלַט	V
01-genesis	19	19	3	וְאָנֹכִ֗י לֹ֤א אוּכַל֙ לְהִמָּלֵ֣ט הָהָ֔רָה פֶּן־תִּדְבָּקַ֥נִי הָרָעָ֖ה וָמַֽתִּי׃	and I cannot escape to the mountain, lest some evil take me, and I die:	REVIEW-REQUIRED	macula-undercount-fv-fallback	יָכֹל	I	דָּבַק	I
01-genesis	19	29	0	וַיְהִ֗י בְּשַׁחֵ֤ת אֱלֹהִים֙ אֶת־עָרֵ֣י הַכִּכָּ֔ר וַיִּזְכֹּ֥ר אֱלֹהִ֖ים אֶת־אַבְרָהָ֑ם	And it came to pass, when God destroyed the cities of the plain, that God remembered Abraham,	REVIEW-REQUIRED	macula-undercount-fv-fallback	הָיָה	W	זָכַר	W
01-genesis	20	7	3	וְאִם־אֵֽינְךָ֣ מֵשִׁ֗יב דַּ֚ע כִּי־מ֣וֹת תָּמ֔וּת אַתָּ֖ה	and if thou restore her not, know thou that thou shalt surely die, thou, and all that are thine.	REVIEW-REQUIRED	macula-undercount-fv-fallback	יָדַע	V	מוּת	I
01-genesis	20	13	3	אֶ֤ל כָּל־הַמָּקוֹם֙ אֲשֶׁ֣ר נָב֣וֹא שָׁ֔מָּה אִמְרִי־לִ֖י אָחִ֥י הֽוּא׃	at every place whither we shall come, say of me, He is my brother.	REVIEW-REQUIRED	macula-undercount-fv-fallback	בּוֹא	I	אָמַר	V
01-genesis	21	16	0	וַתֵּלֶךְ֩ וַתֵּ֨שֶׁב לָ֜הּ מִנֶּ֗גֶד הַרְחֵק֙ כִּמְטַחֲוֵ֣י קֶ֔שֶׁת	And she went, and sat her down over against him a good way off, as it were a bowshot:	REVIEW-REQUIRED	macula-undercount-fv-fallback	הלך	W	יָשַׁב	W
01-genesis	21	22	0	וַֽיְהִי֙ בָּעֵ֣ת הַהִ֔וא וַיֹּ֣אמֶר אֲבִימֶ֗לֶךְ וּפִיכֹל֙ שַׂר־צְבָא֔וֹ אֶל־אַבְרָהָ֖ם	And it came to pass at that time, that Abimelech and Phichol the chief captain of his host spake unto Abraham,	REVIEW-REQUIRED	macula-undercount-fv-fallback	הָיָה	W	אָמַר	W
01-genesis	21	30	1	תִּקַּ֖ח מִיָּדִ֑י בַּעֲבוּר֙ תִּֽהְיֶה־לִּ֣י לְעֵדָ֔ה כִּ֥י חָפַ֖רְתִּי אֶת־הַבְּאֵ֥ר הַזֹּֽאת׃	shalt thou take of my hand, that they may be a witness unto me, that I have digged this well.	REVIEW-REQUIRED	mechanical-clean	לָקַח	I	הָיָה	I
01-genesis	22	14	1	יְהוָ֣ה׀ יִרְאֶ֑ה אֲשֶׁר֙ יֵאָמֵ֣ר הַיּ֔וֹם בְּהַ֥ר יְהוָ֖ה	Jehovah-jireh: as it is said to this day, In the mount of the LORD it shall be seen.	REVIEW-REQUIRED	macula-undercount-fv-fallback	רָאָה	I	אָמַר	I
01-genesis	22	20	0	וַיְהִ֗י אַחֲרֵי֙ הַדְּבָרִ֣ים הָאֵ֔לֶּה וַיֻּגַּ֥ד לְאַבְרָהָ֖ם לֵאמֹ֑ר	And it came to pass after these things, that it was told Abraham, saying,	REVIEW-REQUIRED	macula-undercount-fv-fallback	הָיָה	W	נָגַד	W
01-genesis	23	4	0	גֵּר־וְתוֹשָׁ֥ב אָנֹכִ֖י עִמָּכֶ֑ם תְּנ֨וּ לִ֤י אֲחֻזַּת־קֶ֙בֶר֙ עִמָּכֶ֔ם וְאֶקְבְּרָ֥ה מֵתִ֖י מִלְּפָנָֽי׃	I am a stranger and a sojourner with you: give me a possession of a buryingplace with you, that I may bury my dead out of my sight.	REVIEW-REQUIRED	mechanical-clean	נָתַן	V	קָבַר	H
01-genesis	23	8	0	וַיְדַבֵּ֥ר אִתָּ֖ם לֵאמֹ֑ר אִם־יֵ֣שׁ אֶֽת־נַפְשְׁכֶ֗ם לִקְבֹּ֤ר אֶת־מֵתִי֙ מִלְּפָנַ֔י שְׁמָע֕וּנִי	And he communed with them, saying, If it be your mind that I should bury my dead out of my sight; hear me,	REVIEW-REQUIRED	macula-undercount-fv-fallback	דָבַר	W	שָׁמַע	V
01-genesis	23	13	4	נָתַ֜תִּי כֶּ֤סֶף הַשָּׂדֶה֙ קַ֣ח מִמֶּ֔נִּי וְאֶקְבְּרָ֥ה אֶת־מֵתִ֖י שָֽׁמָּה׃	I will give thee money for the field; take it of me, and I will bury my dead there.	REVIEW-REQUIRED	mechanical-clean	לָקַח	V	קָבַר	H
01-genesis	24	12	1	הַקְרֵה־נָ֥א לְפָנַ֖י הַיּ֑וֹם וַעֲשֵׂה־חֶ֕סֶד עִ֖ם אֲדֹנִ֥י אַבְרָהָֽם׃	I pray thee, send me good speed this day, and shew kindness unto my master Abraham.	REVIEW-REQUIRED	mechanical-clean	קָרָה	V	עָשָׂה	V
01-genesis	24	30	4	וַיָּבֹא֙ אֶל־הָאִ֔ישׁ וְהִנֵּ֛ה עֹמֵ֥ד עַל־הַגְּמַלִּ֖ים עַל־הָעָֽיִן׃	that he came unto the man; and, behold, he stood by the camels at the well.	REVIEW-REQUIRED	macula-undercount-fv-fallback	בּוֹא	W	עָמַד	R
01-genesis	24	37	0	וַיַּשְׁבִּעֵ֥נִי אֲדֹנִ֖י לֵאמֹ֑ר לֹא־תִקַּ֤ח אִשָּׁה֙ לִבְנִ֔י מִבְּנוֹת֙ הַֽכְּנַעֲנִ֔י אֲשֶׁ֥ר אָנֹכִ֖י	And my master made me swear, saying, Thou shalt not take a wife to my son of the daughters of the Canaanites, in	REVIEW-REQUIRED	macula-undercount-fv-fallback	שָׁבַע	W	לָקַח	I
01-genesis	24	45	0	אֲנִי֩ טֶ֨רֶם אֲכַלֶּ֜ה לְדַבֵּ֣ר אֶל־לִבִּ֗י וְהִנֵּ֨ה רִבְקָ֤ה יֹצֵאת֙	And before I had done speaking in mine heart, behold, Rebekah came forth with her	REVIEW-REQUIRED	macula-undercount-fv-fallback	כָּלָה	I	יָצָא	R
01-genesis	24	46	1	וַתֹּ֣אמֶר שְׁתֵ֔ה	shoulder, and said, Drink,	REVIEW-REQUIRED	macula-undercount-fv-fallback	אָמַר	W	שָׁתָה	V
01-genesis	24	49	2	הַגִּ֣ידוּ לִ֔י וְאֶפְנֶ֥ה עַל־יָמִ֖ין א֥וֹ עַל־שְׂמֹֽאל׃	and if not, tell me; that I may turn to the right hand, or to the left.	REVIEW-REQUIRED	mechanical-clean	נָגַד	V	פָּנָה	I
01-genesis	24	54	0	וַיֹּאכְל֣וּ וַיִּשְׁתּ֗וּ ה֛וּא וְהָאֲנָשִׁ֥ים אֲשֶׁר־עִמּ֖וֹ	And they did eat and drink, he and the men	REVIEW-REQUIRED	macula-undercount-fv-fallback	אָכַל	W	שָׁתָה	W
01-genesis	24	56	2	וַֽיהוָ֖ה הִצְלִ֣יחַ דַּרְכִּ֑י שַׁלְּח֕וּנִי וְאֵלְכָ֖ה לַֽאדֹנִֽי׃	not, seeing the LORD hath prospered my way; send me away that I may go to my master.	REVIEW-REQUIRED	mechanical-clean	שָׁלַח	V	הלך	H
01-genesis	24	63	2	וַיַּ֔רְא וְהִנֵּ֥ה גְמַלִּ֖ים בָּאִֽים׃	and saw, and, behold, the camels were coming.	REVIEW-REQUIRED	macula-undercount-fv-fallback	רָאָה	W	בּוֹא	R
01-genesis	25	8	0	וַיִּגְוַ֨ע וַיָּ֧מָת אַבְרָהָ֛ם בְּשֵׂיבָ֥ה טוֹבָ֖ה	Then Abraham gave up the ghost, and died in a good old age,	REVIEW-REQUIRED	macula-undercount-fv-fallback	גָּוַע	W	מוּת	W
01-genesis	26	3	1	וְאֶֽהְיֶ֥ה עִמְּךָ֖ וַאֲבָרְכֶ֑ךָּ	and I will be with thee, and will bless thee;	REVIEW-REQUIRED	mechanical-clean	הָיָה	I	בָּרַךְ	I
01-genesis	26	24	3	וּבֵֽרַכְתִּ֙יךָ֙ וְהִרְבֵּיתִ֣י אֶֽת־זַרְעֲךָ֔	and will bless thee, and multiply thy seed for	REVIEW-REQUIRED	mechanical-clean	בָּרַךְ	Q	רָבָה	Q
01-genesis	27	3	1	וְצֵא֙ הַשָּׂדֶ֔ה וְצ֥וּדָה לִּ֖י צָֽיִד׃	and go out to the field, and take me some venison;	REVIEW-REQUIRED	mechanical-clean	יָצָא	V	צוּד	V
01-genesis	27	7	1	וַעֲשֵׂה־לִ֥י מַטְעַמִּ֖ים וְאֹכֵ֑לָה	and make me savoury meat, that I may eat,	REVIEW-REQUIRED	mechanical-clean	עָשָׂה	V	אָכַל	H
01-genesis	27	10	0	וְהֵבֵאתָ֥ לְאָבִ֖יךָ וְאָכָ֑ל	And thou shalt bring it to thy father, that he may eat,	REVIEW-REQUIRED	mechanical-clean	בּוֹא	Q	אָכַל	Q
01-genesis	27	19	3	אֵלָ֑י קֽוּם־נָ֣א שְׁבָ֗ה וְאָכְלָה֙ מִצֵּידִ֔י בַּעֲב֖וּר תְּבָרֲכַ֥נִּי נַפְשֶֽׁךָ׃	arise, I pray thee, sit and eat of my venison, that thy soul may bless me.	STRONG-SPLIT-CANDIDATE	T2-N3-plus-verb-chain	קוּם	V	יָשַׁב	V
01-genesis	27	21	1	גְּשָׁה־נָּ֥א וַאֲמֻֽשְׁךָ֖ בְּנִ֑י הַֽאַתָּ֥ה זֶ֛ה בְּנִ֥י עֵשָׂ֖ו אִם־לֹֽא׃	Come near, I pray thee, that I may feel thee, my son, whether thou be my very son Esau or not.	REVIEW-REQUIRED	mechanical-clean	נָגַשׁ	V	מוּשׁ	H
01-genesis	27	26	1	גְּשָׁה־נָּ֥א וּשְׁקָה־לִּ֖י בְּנִֽי׃	Come near now, and kiss me, my son.	REVIEW-REQUIRED	mechanical-clean	נָגַשׁ	V	נָשַׁק	V
01-genesis	27	29	2	הֱוֵ֤ה גְבִיר֙ לְאַחֶ֔יךָ וְיִשְׁתַּחֲוּ֥וּ לְךָ֖ בְּנֵ֣י אִמֶּ֑ךָ	be lord over thy brethren, and let thy mother's sons bow down to thee:	REVIEW-REQUIRED	mechanical-clean	הָוָה	V	חוה	J
01-genesis	27	31	3	יָקֻ֤ם אָבִי֙ וְיֹאכַל֙ מִצֵּ֣יד בְּנ֔וֹ	Let my father arise, and eat of his son's venison,	REVIEW-REQUIRED	mechanical-clean	קוּם	J	אָכַל	I
01-genesis	27	40	0	וְעַל־חַרְבְּךָ֣ תִֽחְיֶ֔ה וְאֶת־אָחִ֖יךָ תַּעֲבֹ֑ד	And by thy sword shalt thou live, and shalt serve thy brother;	REVIEW-REQUIRED	mechanical-clean	חָיָה	I	עָבַד	I
01-genesis	27	41	2	בְּלִבּ֗וֹ יִקְרְבוּ֙ יְמֵי֙ אֵ֣בֶל אָבִ֔י וְאַֽהַרְגָ֖ה אֶת־יַעֲקֹ֥ב אָחִֽי׃	his heart, The days of mourning for my father are at hand; then will I slay my brother Jacob.	REVIEW-REQUIRED	mechanical-clean	קָרַב	I	הָרַג	H
01-genesis	27	45	2	וּלְקַחְתִּ֣יךָ מִשָּׁ֑ם לָמָ֥ה אֶשְׁכַּ֛ל גַּם־שְׁנֵיכֶ֖ם י֥וֹם אֶחָֽד׃	and fetch thee from thence: why should I be deprived also of you both in one day?	REVIEW-REQUIRED	mechanical-clean	לָקַח	Q	שָׁכֹל	I
01-genesis	28	3	1	וְיַפְרְךָ֖ וְיַרְבֶּ֑ךָ	and make thee fruitful, and multiply thee,	STRONG-SPLIT-CANDIDATE	T1-parallel-jussives-distinct-lemma	פָּרָה	J	רָבָה	J
01-genesis	28	14	0	וְהָיָ֤ה זַרְעֲךָ֙ כַּעֲפַ֣ר הָאָ֔רֶץ וּפָרַצְתָּ֛ יָ֥מָּה וָקֵ֖דְמָה	And thy seed shall be as the dust of the earth, and thou shalt spread abroad to the west, and to the east,	REVIEW-REQUIRED	mechanical-clean	הָיָה	Q	פָּרַץ	Q
01-genesis	28	21	0	וְשַׁבְתִּ֥י בְשָׁל֖וֹם אֶל־בֵּ֣ית אָבִ֑י וְהָיָ֧ה יְהוָ֛ה לִ֖י לֵאלֹהִֽים׃	So that I come again to my father's house in peace; then shall the LORD be my God:	REVIEW-REQUIRED	mechanical-clean	שׁוּב	Q	הָיָה	Q
01-genesis	29	2	0	וַיַּ֞רְא וְהִנֵּ֧ה בְאֵ֣ר בַּשָּׂדֶ֗ה וְהִנֵּה־שָׁ֞ם שְׁלֹשָׁ֤ה עֶדְרֵי־צֹאן֙ רֹבְצִ֣ים עָלֶ֔יהָ	And he looked, and behold a well in the field, and, lo, there were three flocks of sheep lying by it;	REVIEW-REQUIRED	macula-undercount-fv-fallback	רָאָה	W	רָבַץ	R
01-genesis	29	6	1	הֲשָׁל֣וֹם ל֑וֹ וַיֹּאמְר֣וּ שָׁל֔וֹם וְהִנֵּה֙ רָחֵ֣ל בִּתּ֔וֹ בָּאָ֖ה עִם־הַצֹּֽאן׃	Is he well? And they said, He is well: and, behold, Rachel his daughter cometh with the sheep.	REVIEW-REQUIRED	macula-undercount-fv-fallback	אָמַר	W	בּוֹא	R
01-genesis	29	13	0	וַיְהִי֩ כִשְׁמֹ֨עַ לָבָ֜ן אֶת־שֵׁ֣מַע׀ יַעֲקֹ֣ב בֶּן־אֲחֹת֗וֹ וַיָּ֤רָץ לִקְרָאתוֹ֙	And it came to pass, when Laban heard the tidings of Jacob his sister's son, that he ran	REVIEW-REQUIRED	macula-undercount-fv-fallback	הָיָה	W	רוּץ	W
01-genesis	30	3	1	הִנֵּ֛ה אֲמָתִ֥י בִלְהָ֖ה בֹּ֣א אֵלֶ֑יהָ וְתֵלֵד֙ עַל־בִּרְכַּ֔י	Behold my maid Bilhah, go in unto her; and she shall bear upon my knees,	REVIEW-REQUIRED	mechanical-clean	בּוֹא	V	יָלַד	J
01-genesis	30	25	2	שַׁלְּחֵ֙נִי֙ וְאֵ֣לְכָ֔ה אֶל־מְקוֹמִ֖י וּלְאַרְצִֽי׃	Send me away, that I may go unto mine own place, and to my country.	REVIEW-REQUIRED	mechanical-clean	שָׁלַח	V	הלך	H
01-genesis	31	8	0	אִם־כֹּ֣ה יֹאמַ֗ר נְקֻדִּים֙ יִהְיֶ֣ה שְׂכָרֶ֔ךָ	If he said thus, The speckled shall be thy wages;	REVIEW-REQUIRED	macula-undercount-fv-fallback	אָמַר	I	הָיָה	I
01-genesis	31	8	2	וְאִם־כֹּ֣ה יֹאמַ֗ר עֲקֻדִּים֙ יִהְיֶ֣ה שְׂכָרֶ֔ךָ	and if he said thus, The ringstraked shall be thy hire;	REVIEW-REQUIRED	macula-undercount-fv-fallback	אָמַר	I	הָיָה	I
01-genesis	31	10	1	וָאֵ֖רֶא בַּחֲל֑וֹם וְהִנֵּ֤ה הָֽעַתֻּדִים֙ הָעֹלִ֣ים עַל־הַצֹּ֔אן	and saw in a dream, and, behold, the rams which leaped upon the cattle	REVIEW-REQUIRED	macula-undercount-fv-fallback	רָאָה	W	עָלָה	R
01-genesis	31	12	1	שָׂא־נָ֨א עֵינֶ֤יךָ וּרְאֵה֙ כָּל־הָֽעַתֻּדִים֙ הָעֹלִ֣ים עַל־הַצֹּ֔אן עֲקֻדִּ֥ים נְקֻדִּ֖ים	Lift up now thine eyes, and see, all the rams which leap upon the cattle are ringstraked, speckled,	REVIEW-REQUIRED	mechanical-clean	נָשָׂא	V	רָאָה	V
01-genesis	31	13	1	אֲשֶׁ֨ר נָדַ֥רְתָּ לִּ֛י שָׁ֖ם נֶ֑דֶר	and where thou vowedst a vow unto me:	REVIEW-REQUIRED	mechanical-clean	קוּם	V	יָצָא	V
01-genesis	32	5	0	וַיְצַ֤ו אֹתָם֙ לֵאמֹ֔ר כֹּ֣ה תֹאמְר֔וּן לַֽאדֹנִ֖י לְעֵשָׂ֑ו	And he commanded them, saying, Thus shall ye speak unto my lord Esau;	REVIEW-REQUIRED	macula-undercount-fv-fallback	צָוָה	W	אָמַר	I
01-genesis	32	9	1	וְהִכָּ֑הוּ וְהָיָ֛ה הַמַּחֲנֶ֥ה הַנִּשְׁאָ֖ר לִפְלֵיטָֽה׃	and smite it, then the other company which is left shall escape.	REVIEW-REQUIRED	mechanical-clean	נָכָה	Q	הָיָה	Q
01-genesis	32	17	2	עִבְר֣וּ לְפָנַ֔י וְרֶ֣וַח תָּשִׂ֔ימוּ בֵּ֥ין עֵ֖דֶר	Pass over before me, and put a space betwixt	REVIEW-REQUIRED	mechanical-clean	עָבַר	V	שׂים	I
01-genesis	32	18	0	וַיְצַ֥ו אֶת־הָרִאשׁ֖וֹן לֵאמֹ֑ר כִּ֣י יִֽפְגָּשְׁךָ֞ עֵשָׂ֣ו אָחִ֗י וִשְׁאֵֽלְךָ֙ לֵאמֹ֔ר	And he commanded the foremost, saying, When Esau my brother meeteth thee, and asketh thee, saying, Whose art thou?	REVIEW-REQUIRED	macula-undercount-fv-fallback	צָוָה	W	פָּגַשׁ	I
01-genesis	33	1	1	וַיַּרְא֙ וְהִנֵּ֣ה עֵשָׂ֣ו בָּ֔א	and looked, and, behold, Esau came,	REVIEW-REQUIRED	macula-undercount-fv-fallback	רָאָה	W	בּוֹא	R
01-genesis	33	4	0	וַיָּ֨רָץ עֵשָׂ֤ו לִקְרָאתוֹ֙ וַֽיְחַבְּקֵ֔הוּ	And Esau ran to meet him, and embraced him,	REVIEW-REQUIRED	macula-undercount-fv-fallback	רוּץ	W	חָבַק	W
01-genesis	33	13	2	עָל֣וֹת עָלָ֑י וּדְפָקוּם֙ י֣וֹם אֶחָ֔ד וָמֵ֖תוּ כָּל־הַצֹּֽאן׃	young are with me: and if men should overdrive them one day, all the flock will die.	REVIEW-REQUIRED	mechanical-clean	דָּפַק	Q	מוּת	Q
01-genesis	34	9	1	בְּנֹֽתֵיכֶם֙ תִּתְּנוּ־לָ֔נוּ וְאֶת־בְּנֹתֵ֖ינוּ תִּקְח֥וּ לָכֶֽם׃	and give your daughters unto us, and take our daughters unto you.	REVIEW-REQUIRED	mechanical-clean	נָתַן	I	לָקַח	I
01-genesis	34	12	0	הַרְבּ֨וּ עָלַ֤י מְאֹד֙ מֹ֣הַר וּמַתָּ֔ן וְאֶ֨תְּנָ֔ה	Ask me never so much dowry and gift, and I will give	REVIEW-REQUIRED	mechanical-clean	רָבָה	V	נָתַן	H
01-genesis	34	16	1	נִֽקַּֽח־לָ֑נוּ וְיָשַׁ֣בְנוּ אִתְּכֶ֔ם	and we will take to us, and we will dwell with you,	REVIEW-REQUIRED	mechanical-clean	לָקַח	I	יָשַׁב	Q
01-genesis	34	21	0	הָאֲנָשִׁ֨ים הָאֵ֜לֶּה שְֽׁלֵמִ֧ים הֵ֣ם אִתָּ֗נוּ וְיֵשְׁב֤וּ בָאָ֙רֶץ֙ וְיִסְחֲר֣וּ אֹתָ֔הּ	These men are peaceable with us; therefore let them dwell in the land, and trade therein;	REVIEW-REQUIRED	mechanical-clean	יָשַׁב	I	סָחַר	I
01-genesis	35	16	0	וַיִּסְעוּ֙ מִבֵּ֣ית אֵ֔ל	And they journeyed from Beth-el;	REVIEW-REQUIRED	macula-undercount-fv-fallback	נָסַע	W	הָיָה	W
01-genesis	35	16	2	לָב֣וֹא אֶפְרָ֑תָה	to come to Ephrath:	REVIEW-REQUIRED	macula-undercount-fv-fallback	יָלַד	W	קָשָׁה	W
01-genesis	37	14	1	לֶךְ־נָ֨א רְאֵ֜ה אֶת־שְׁל֤וֹם אַחֶ֙יךָ֙ וְאֶת־שְׁל֣וֹם הַצֹּ֔אן	to him, Go, I pray thee, see whether it be well with thy brethren, and well with the flocks;	REVIEW-REQUIRED	mechanical-clean	הלך	V	רָאָה	V
01-genesis	37	15	1	וְהִנֵּ֥ה תֹעֶ֖ה בַּשָּׂדֶ֑ה וַיִּשְׁאָלֵ֧הוּ הָאִ֛ישׁ לֵאמֹ֖ר	and, behold, he was wandering in the field: and the man asked him, saying,	REVIEW-REQUIRED	macula-undercount-fv-fallback	שָׁאַל	W	תָּעָה	R
01-genesis	37	18	1	וּבְטֶ֙רֶם֙ יִקְרַ֣ב אֲלֵיהֶ֔ם וַיִּֽתְנַכְּל֥וּ אֹת֖וֹ	even before he came near unto them, they conspired against him	REVIEW-REQUIRED	macula-undercount-fv-fallback	קָרַב	I	נָכַל	W
01-genesis	37	20	2	וְנִרְאֶ֕ה מַה־יִּהְי֖וּ חֲלֹמֹתָֽיו׃	and we shall see what will become of his dreams.	REVIEW-REQUIRED	macula-undercount-fv-fallback	רָאָה	I	הָיָה	I
01-genesis	37	22	0	וַיֹּ֨אמֶר אֲלֵהֶ֣ם׀ רְאוּבֵן֮ אַל־תִּשְׁפְּכוּ־דָם֒	And Reuben said unto them, Shed no blood,	REVIEW-REQUIRED	macula-undercount-fv-fallback	אָמַר	W	שָׁפַךְ	I
01-genesis	37	25	2	וַיִּרְא֔וּ וְהִנֵּה֙ אֹרְחַ֣ת יִשְׁמְעֵאלִ֔ים בָּאָ֖ה מִגִּלְעָ֑ד	and looked, and, behold, a company of Ishmeelites came from Gilead with	REVIEW-REQUIRED	macula-undercount-fv-fallback	רָאָה	W	בּוֹא	R
01-genesis	38	13	0	וַיֻּגַּ֥ד לְתָמָ֖ר לֵאמֹ֑ר הִנֵּ֥ה חָמִ֛יךְ עֹלֶ֥ה תִמְנָ֖תָה לָגֹ֥ז צֹאנֽוֹ׃	And it was told Tamar, saying, Behold thy father in law goeth up to Timnath to shear his sheep.	REVIEW-REQUIRED	macula-undercount-fv-fallback	נָגַד	W	עָלָה	R
01-genesis	38	16	2	הָֽבָה־נָּא֙ אָב֣וֹא אֵלַ֔יִךְ כִּ֚י לֹ֣א יָדַ֔ע כִּ֥י כַלָּת֖וֹ הִ֑וא	Go to, I pray thee, let me come in unto thee; for he knew not that she was his daughter in law.	REVIEW-REQUIRED	mechanical-clean	יָהַב	V	בּוֹא	H
01-genesis	38	17	1	וַתֹּ֕אמֶר אִם־תִּתֵּ֥ן עֵרָב֖וֹן עַ֥ד שָׁלְחֶֽךָ׃	And she said, Wilt thou give me a pledge, till thou send it?	REVIEW-REQUIRED	macula-undercount-fv-fallback	אָמַר	W	נָתַן	I
01-genesis	38	24	0	וַיְהִ֣י׀ כְּמִשְׁלֹ֣שׁ חֳדָשִׁ֗ים וַיֻּגַּ֨ד לִֽיהוּדָ֤ה	And it came to pass about three months after, that it was told Judah,	REVIEW-REQUIRED	macula-undercount-fv-fallback	הָיָה	W	נָגַד	W
01-genesis	38	24	4	הוֹצִיא֖וּהָ וְתִשָּׂרֵֽף׃	Bring her forth, and let her be burnt.	REVIEW-REQUIRED	mechanical-clean	יָצָא	V	שָׂרַף	I
01-genesis	38	28	0	וַיְהִ֥י בְלִדְתָּ֖הּ וַיִּתֶּן־יָ֑ד	And it came to pass, when she travailed, that the one put out his hand:	REVIEW-REQUIRED	macula-undercount-fv-fallback	הָיָה	W	נָתַן	W
01-genesis	39	11	0	וַיְהִי֙ כְּהַיּ֣וֹם הַזֶּ֔ה וַיָּבֹ֥א הַבַּ֖יְתָה	And it came to pass about this time, that Joseph went into the house	REVIEW-REQUIRED	macula-undercount-fv-fallback	הָיָה	W	בּוֹא	W
01-genesis	39	12	0	וַתִּתְפְּשֵׂ֧הוּ בְּבִגְד֛וֹ לֵאמֹ֖ר שִׁכְבָ֣ה עִמִּ֑י	And she caught him by his garment, saying, Lie with me:	REVIEW-REQUIRED	macula-undercount-fv-fallback	תָּפַשׂ	W	שָׁכַב	V
01-genesis	39	13	0	וַיְהִי֙ כִּרְאוֹתָ֔הּ כִּֽי־עָזַ֥ב בִּגְד֖וֹ בְּיָדָ֑הּ וַיָּ֖נָס הַחֽוּצָה׃	And it came to pass, when she saw that he had left his garment in her hand, and was fled forth,	REVIEW-REQUIRED	macula-undercount-fv-fallback	הָיָה	W	נוּס	W
01-genesis	39	15	0	וַיְהִ֣י כְשָׁמְע֔וֹ כִּֽי־הֲרִימֹ֥תִי קוֹלִ֖י וָאֶקְרָ֑א	And it came to pass, when he heard that I lifted up my voice and cried,	REVIEW-REQUIRED	macula-undercount-fv-fallback	הָיָה	W	קָרָא	W
01-genesis	39	18	0	וַיְהִ֕י כַּהֲרִימִ֥י קוֹלִ֖י וָאֶקְרָ֑א	And it came to pass, as I lifted up my voice and cried,	REVIEW-REQUIRED	macula-undercount-fv-fallback	הָיָה	W	קָרָא	W
01-genesis	40	6	1	וַיַּ֣רְא אֹתָ֔ם וְהִנָּ֖ם זֹעֲפִֽים׃	and looked upon them, and, behold, they were sad.	REVIEW-REQUIRED	macula-undercount-fv-fallback	רָאָה	W	זָעַף	R
01-genesis	40	13	1	וַהֲשִֽׁיבְךָ֖ עַל־כַּנֶּ֑ךָ וְנָתַתָּ֤ כוֹס־פַּרְעֹה֙ בְּיָד֔וֹ	and restore thee unto thy place: and thou shalt deliver Pharaoh's cup into his hand,	REVIEW-REQUIRED	mechanical-clean	שׁוּב	Q	נָתַן	Q
01-genesis	40	14	1	וְעָשִֽׂיתָ־נָּ֥א עִמָּדִ֖י חָ֑סֶד וְהִזְכַּרְתַּ֙נִי֙ אֶל־פַּרְעֹ֔ה	and shew kindness, I pray thee, unto me, and make mention of me unto Pharaoh,	REVIEW-REQUIRED	mechanical-clean	עָשָׂה	Q	זָכַר	Q
01-genesis	42	2	3	וְשִׁבְרוּ־לָ֣נוּ מִשָּׁ֔ם וְנִחְיֶ֖ה	thither, and buy for us from thence; that we may live,	REVIEW-REQUIRED	mechanical-clean	שָׁבַר	V	חָיָה	I
01-genesis	42	16	1	וְיִקַּ֣ח אֶת־אֲחִיכֶם֒ וְאַתֶּם֙ הֵאָ֣סְר֔וּ	and let him fetch your brother, and ye shall be kept in prison,	REVIEW-REQUIRED	mechanical-clean	לָקַח	I	אָסַר	V
01-genesis	42	19	3	וְאַתֶּם֙ לְכ֣וּ הָבִ֔יאוּ שֶׁ֖בֶר רַעֲב֥וֹן בָּתֵּיכֶֽם׃	ye, carry corn for the famine of your houses:	REVIEW-REQUIRED	mechanical-clean	הלך	V	בּוֹא	V
01-genesis	42	20	0	וְאֶת־אֲחִיכֶ֤ם הַקָּטֹן֙ תָּבִ֣יאוּ אֵלַ֔י וְיֵאָמְנ֥וּ דִבְרֵיכֶ֖ם	But bring your youngest brother unto me; so shall your words be verified,	REVIEW-REQUIRED	mechanical-clean	בּוֹא	I	אָמַן	I
01-genesis	42	20	1	וְלֹ֣א תָמ֑וּתוּ וַיַּעֲשׂוּ־כֵֽן׃	and ye shall not die. And they did so.	REVIEW-REQUIRED	mechanical-clean	מוּת	I	עָשָׂה	W
01-genesis	42	33	5	קְח֥וּ וָלֵֽכוּ׃	here with me, and take	REVIEW-REQUIRED	mechanical-clean	לָקַח	V	הלך	V
01-genesis	42	34	0	וְ֠הָבִיאוּ אֶת־אֲחִיכֶ֣ם הַקָּטֹן֮ אֵלַי֒ וְאֵֽדְעָ֗ה כִּ֣י לֹ֤א מְרַגְּלִים֙ אַתֶּ֔ם	And bring your youngest brother unto me: then shall I know that ye are no spies,	REVIEW-REQUIRED	macula-undercount-fv-fallback	בּוֹא	V	יָדַע	H
01-genesis	43	7	3	וַנַ֨גֶּד־ל֔וֹ עַל־פִּ֖י הַדְּבָרִ֣ים הָאֵ֑לֶּה הֲיָד֣וֹעַ נֵדַ֔ע כִּ֣י יֹאמַ֔ר	and we told him according to the tenor of these words: could we certainly know that he would say, Bring	REVIEW-REQUIRED	macula-undercount-fv-fallback	נָגַד	W	יָדַע	I
01-genesis	43	16	3	וּטְבֹ֤חַ טֶ֙בַח֙ וְהָכֵ֔ן	and slay, and make ready;	REVIEW-REQUIRED	mechanical-clean	טָבַח	V	כּוּן	V
01-genesis	44	1	3	כַּאֲשֶׁ֥ר יוּכְל֖וּן שְׂאֵ֑ת וְשִׂ֥ים כֶּֽסֶף־אִ֖ישׁ בְּפִ֥י אַמְתַּחְתּֽוֹ׃	as much as they can carry, and put every man's money in his sack's mouth.	REVIEW-REQUIRED	mechanical-clean	יָכֹל	I	שׂים	V
01-genesis	44	4	2	אַחֲרֵ֣י הָֽאֲנָשִׁ֑ים וְהִשַּׂגְתָּם֙ וְאָמַרְתָּ֣ אֲלֵהֶ֔ם לָ֛מָּה שִׁלַּמְתֶּ֥ם רָעָ֖ה	after the men; and when thou dost overtake them, say unto them, Wherefore have ye rewarded evil for	REVIEW-REQUIRED	mechanical-clean	נָשַׂג	Q	אָמַר	Q
01-genesis	44	21	1	הוֹרִדֻ֖הוּ אֵלָ֑י וְאָשִׂ֥ימָה עֵינִ֖י עָלָֽיו׃	Bring him down unto me, that I may set mine eyes upon him.	REVIEW-REQUIRED	mechanical-clean	יָרַד	V	שׂים	I
01-genesis	44	22	0	וַנֹּ֙אמֶר֙ אֶל־אֲדֹנִ֔י לֹא־יוּכַ֥ל הַנַּ֖עַר	And we said unto my lord, The lad cannot	REVIEW-REQUIRED	macula-undercount-fv-fallback	אָמַר	W	יָכֹל	I
01-genesis	44	29	0	וּלְקַחְתֶּ֧ם גַּם־אֶת־זֶ֛ה מֵעִ֥ם פָּנַ֖י וְקָרָ֣הוּ אָס֑וֹן	And if ye take this also from me, and mischief befall him,	REVIEW-REQUIRED	mechanical-clean	לָקַח	Q	קָרָה	Q
01-genesis	45	9	2	שָׂמַ֧נִי אֱלֹהִ֛ים לְאָד֖וֹן לְכָל־מִצְרָ֑יִם רְדָ֥ה אֵלַ֖י אַֽל־תַּעֲמֹֽד׃	God hath made me lord of all Egypt: come down unto me, tarry not:	REVIEW-REQUIRED	mechanical-clean	יָרַד	V	עָמַד	J
01-genesis	45	10	0	וְיָשַׁבְתָּ֣ בְאֶֽרֶץ־גֹּ֗שֶׁן וְהָיִ֤יתָ קָרוֹב֙ אֵלַ֔י אַתָּ֕ה	And thou shalt dwell in the land of Goshen, and thou shalt be near unto me,	REVIEW-REQUIRED	mechanical-clean	יָשַׁב	Q	הָיָה	Q
01-genesis	45	18	1	וּבֹ֣אוּ אֵלָ֑י וְאֶתְּנָ֣ה לָכֶ֗ם אֶת־טוּב֙ אֶ֣רֶץ מִצְרַ֔יִם	and come unto me: and I will give you the good of the land of Egypt,	REVIEW-REQUIRED	mechanical-clean	בּוֹא	V	נָתַן	H
01-genesis	45	19	4	וּנְשָׂאתֶ֥ם אֶת־אֲבִיכֶ֖ם וּבָאתֶֽם׃	and bring your father, and come.	REVIEW-REQUIRED	mechanical-clean	נָשָׂא	Q	בּוֹא	Q
01-genesis	47	29	5	וְעָשִׂ֤יתָ עִמָּדִי֙ חֶ֣סֶד וֶאֱמֶ֔ת אַל־נָ֥א תִקְבְּרֵ֖נִי בְּמִצְרָֽיִם׃	and deal kindly and truly with me; bury me not, I pray thee, in Egypt:	REVIEW-REQUIRED	mechanical-clean	עָשָׂה	Q	קָבַר	J
01-genesis	47	30	0	וְשָֽׁכַבְתִּי֙ עִם־אֲבֹתַ֔י וּנְשָׂאתַ֙נִי֙ מִמִּצְרַ֔יִם	But I will lie with my fathers, and thou shalt carry me out of Egypt,	REVIEW-REQUIRED	mechanical-clean	שָׁכַב	Q	נָשָׂא	Q
01-genesis	47	30	1	וּקְבַרְתַּ֖נִי בִּקְבֻרָתָ֑ם וַיֹּאמַ֕ר	and bury me in their buryingplace. And he said,	REVIEW-REQUIRED	mechanical-clean	קָבַר	Q	אָמַר	W
01-genesis	48	17	0	וַיַּ֣רְא יוֹסֵ֗ף כִּי־יָשִׁ֨ית אָבִ֧יו יַד־יְמִינ֛וֹ עַל־רֹ֥אשׁ אֶפְרַ֖יִם	And when Joseph saw that his father laid his right hand upon the head of Ephraim, it	REVIEW-REQUIRED	macula-undercount-fv-fallback	רָאָה	W	שִׁית	I
01-genesis	48	21	2	וְהָיָ֤ה אֱלֹהִים֙ עִמָּכֶ֔ם וְהֵשִׁ֣יב אֶתְכֶ֔ם אֶל־אֶ֖רֶץ אֲבֹתֵיכֶֽם׃	but God shall be with you, and bring you again unto the land of your fathers.	REVIEW-REQUIRED	mechanical-clean	הָיָה	Q	שׁוּב	Q
01-genesis	49	6	0	בְּסֹדָם֙ אַל־תָּבֹ֣א נַפְשִׁ֔י בִּקְהָלָ֖ם אַל־תֵּחַ֣ד כְּבֹדִ֑י	O my soul, come not thou into their secret; unto their assembly, mine honour, be not thou united:	STRONG-SPLIT-CANDIDATE	T1-parallel-jussives-distinct-lemma	בּוֹא	J	יָחַד	J
01-genesis	49	25	0	מֵאֵ֨ל אָבִ֜יךָ וְיַעְזְרֶ֗ךָּ וְאֵ֤ת שַׁדַּי֙ וִיבָ֣רְכֶ֔ךָּ	Even by the God of thy father, who shall help thee; and by the Almighty, who shall bless thee with	REVIEW-REQUIRED	mechanical-clean	עָזַר	I	בָּרַךְ	I
01-genesis	50	5	4	וְאֶקְבְּרָ֥ה אֶת־אָבִ֖י וְאָשֽׁוּבָה׃	I pray thee, and bury my father, and I will come again.	REVIEW-REQUIRED	mechanical-clean	קָבַר	H	שׁוּב	I
01-genesis	50	24	2	וֵֽאלֹהִ֞ים פָּקֹ֧ד יִפְקֹ֣ד אֶתְכֶ֗ם וְהֶעֱלָ֤ה אֶתְכֶם֙ מִן־הָאָ֣רֶץ הַזֹּ֔את	and God will surely visit you, and bring you out of this land unto	REVIEW-REQUIRED	mechanical-clean	פָּקַד	I	עָלָה	Q
